{"protected":{"ver":"v1","alg":"HS256","iat":1750198811},"signature":"7942f87581b05d03aedada503a3bffe340d89beb8e58c05b0c1ac34fe66042d4","payload":{"device_name":"00:01","device_type":"DATA_FORWARDER","interval_ms":25,"sensors":[{"name":"mic_signal","units":"N/A"}],"values":[[0],[0],[0],[0],[0],[0],[0],[0],[0],[0],[0],[0],[0],[0],[0],[0],[0],[0],[0],[0],[0],[0],[0],[0],[0],[0],[0],[0],[0],[0],[0],[0],[302],[576],[400],[282],[207],[114],[64],[35],[0],[0],[496],[327],[238],[144],[65],[32],[1],[0],[0],[0],[490],[336],[219],[150],[77],[33],[16],[0],[0],[709],[507],[347],[245],[160],[111],[53],[15],[0],[0],[0],[0],[0],[0],[0],[0],[0],[0],[0],[0],[910],[637],[461],[331],[225],[176],[91],[36],[11],[432],[421],[291],[184],[125],[58],[16],[0],[0],[0],[0],[0],[0],[0],[0],[0],[0],[0],[0],[0],[433],[638],[454],[315],[226],[144],[96],[28],[0],[0],[718],[549],[384],[266],[190],[117],[71],[11],[0],[0],[0],[0],[0],[0],[934],[681],[471],[331],[250],[143],[112],[48],[7],[0],[0],[0],[0],[0],[0],[0],[0],[333],[217],[141],[79],[13],[0],[0],[334],[198]]}}