{"protected":{"ver":"v1","alg":"HS256","iat":1750198762},"signature":"ab1ea4f53b198980ddb212d648a081b5db85574736d712a30f374a1905508955","payload":{"device_name":"00:01","device_type":"DATA_FORWARDER","interval_ms":25,"sensors":[{"name":"mic_signal","units":"N/A"}],"values":[[0],[0],[0],[0],[0],[0],[0],[0],[0],[0],[0],[0],[0],[0],[0],[0],[0],[0],[0],[0],[0],[0],[0],[0],[0],[0],[0],[0],[0],[0],[0],[0],[128],[64],[90],[155],[93],[40],[0],[467],[318],[240],[158],[93],[33],[197],[115],[50],[186],[242],[214],[410],[565],[401],[347],[258],[178],[97],[53],[4],[0],[0],[0],[0],[0],[0],[277],[278],[176],[91],[61],[45],[310],[196],[99],[50],[115],[80],[75],[33],[161],[128],[89],[208],[185],[176],[112],[308],[192],[227],[134],[304],[207],[270],[176],[97],[151],[75],[187],[112],[139],[72],[18],[0],[0],[0],[0],[0],[0],[0],[0],[0],[0],[0],[0],[0],[0],[0],[0],[0],[272],[362],[238],[264],[319],[204],[357],[246],[366],[236],[137],[81],[45],[0],[0],[0],[0],[0],[0],[0],[0],[0],[0],[555],[378],[393],[398],[262],[190],[218],[133],[77],[25],[0],[0],[0],[0],[0],[0],[0]]}}