{"protected":{"ver":"v1","alg":"HS256","iat":1750198830},"signature":"674bc4a23e8f4d12dbf1d005f14a18d7feaff25e060558509a1e6c6a20c332fe","payload":{"device_name":"00:01","device_type":"DATA_FORWARDER","interval_ms":25,"sensors":[{"name":"mic_signal","units":"N/A"}],"values":[[0],[0],[0],[0],[0],[0],[0],[0],[0],[0],[0],[0],[0],[0],[0],[0],[0],[0],[0],[0],[0],[0],[0],[0],[0],[0],[0],[0],[27],[0],[0],[0],[0],[0],[0],[0],[0],[0],[0],[0],[0],[111],[62],[2],[0],[0],[0],[0],[0],[0],[0],[0],[0],[0],[0],[0],[0],[0],[0],[0],[0],[0],[0],[0],[0],[30],[26],[0],[0],[0],[0],[0],[0],[19],[16],[0],[12],[0],[53],[0],[0],[0],[0],[0],[0],[0],[0],[5],[0],[0],[0],[0],[0],[0],[0],[0],[0],[0],[0],[0],[0],[0],[0],[0],[67],[18],[0],[0],[0],[0],[0],[0],[0],[0],[0],[0],[0],[0],[0],[0],[0],[0],[0],[0],[0],[0],[0],[0],[0],[0],[15],[0],[0],[0],[0],[0],[0],[0],[0],[0],[0],[0],[0],[130],[64],[19],[0],[0],[0],[0],[0],[0],[0],[0],[9],[0],[0],[0],[0],[0]]}}