{"protected":{"ver":"v1","alg":"HS256","iat":1750118721},"signature":"38a16fec9d2e50b5a6d18a55bb74856f5ee20d1d684010593c5af111b5659d00","payload":{"device_name":"00:01","device_type":"DATA_FORWARDER","interval_ms":24.390243902439025,"sensors":[{"name":"mic_signal","units":"N/A"}],"values":[[0],[0],[0],[0],[0],[0],[0],[0],[0],[0],[0],[0],[0],[0],[0],[0],[0],[0],[0],[6],[16],[0],[0],[0],[0],[0],[0],[0],[0],[0],[0],[0],[0],[0],[0],[0],[0],[0],[0],[0],[0],[0],[0],[0],[0],[0],[0],[0],[0],[0],[0],[0],[0],[0],[0],[0],[0],[0],[0],[0],[0],[0],[0],[0],[0],[0],[0],[0],[0],[0],[0],[0],[0],[0],[0],[0],[0],[0],[0],[0],[0],[0],[0],[0],[0],[0],[0],[0],[0],[0],[0],[0],[0],[0],[0],[0],[0],[0],[0],[0],[0],[0],[0],[0],[0],[0],[0],[0],[0],[0],[0],[0],[0],[0],[0],[92],[31],[0],[0],[0],[11],[0],[0],[16],[9],[0],[0],[0],[0],[0],[0],[144],[112],[113],[75],[88],[76],[112],[106],[101],[81],[126],[96],[86],[59],[47],[26],[15],[0],[22],[33],[12],[11],[0],[0],[0],[0],[0],[0],[0],[0],[0],[0],[0]]}}