{"protected":{"ver":"v1","alg":"HS256","iat":1750031736},"signature":"0a2fd100a2ebfd188ec74f82ff4cb8af441ca6c429f8846bdbdffb66c96bc432","payload":{"device_name":"00:01","device_type":"DATA_FORWARDER","interval_ms":25,"sensors":[{"name":"mic_signal","units":"N/A"}],"values":[[0],[0],[0],[0],[0],[0],[0],[0],[0],[0],[0],[0],[0],[0],[0],[0],[0],[0],[0],[0],[0],[0],[0],[0],[0],[0],[0],[0],[0],[0],[0],[0],[0],[0],[0],[0],[0],[0],[455],[274],[211],[159],[81],[17],[0],[0],[0],[0],[0],[433],[443],[284],[202],[96],[65],[19],[0],[0],[755],[547],[385],[288],[174],[113],[83],[0],[0],[0],[0],[0],[779],[634],[448],[313],[220],[163],[80],[47],[0],[0],[0],[0],[0],[0],[0],[0],[0],[0],[0],[0],[0],[0],[312],[258],[137],[30],[64],[0],[0],[0],[0],[0],[0],[0],[0],[0],[0],[0],[0],[243],[192],[80],[23],[0],[0],[0],[0],[0],[305],[162],[103],[54],[0],[0],[0],[0],[0],[0],[0],[0],[0],[0],[788],[575],[415],[314],[214],[99],[95],[42],[0],[0],[0],[0],[0],[0],[0],[0],[0],[0],[0],[276],[139],[110],[37],[0],[0],[0],[0],[0]]}}