{"protected":{"ver":"v1","alg":"HS256","iat":1750031670},"signature":"485e9f2ce3b78e8cf1d0d372204ce90067fddc4c12b1932f45e14feccc9d07e5","payload":{"device_name":"00:01","device_type":"DATA_FORWARDER","interval_ms":25,"sensors":[{"name":"mic_signal","units":"N/A"}],"values":[[0],[0],[0],[0],[0],[0],[0],[0],[0],[0],[0],[0],[0],[0],[0],[0],[0],[0],[0],[0],[0],[0],[0],[0],[0],[0],[0],[0],[0],[0],[0],[0],[0],[0],[0],[0],[0],[0],[0],[0],[0],[0],[0],[0],[0],[0],[0],[0],[0],[0],[0],[0],[0],[0],[0],[0],[0],[0],[5],[0],[0],[0],[0],[26],[21],[35],[0],[0],[0],[0],[0],[0],[0],[0],[0],[0],[0],[10],[0],[0],[0],[0],[0],[0],[0],[0],[98],[110],[75],[83],[48],[11],[6],[0],[0],[0],[0],[0],[0],[0],[0],[0],[27],[179],[241],[144],[84],[0],[0],[0],[0],[0],[0],[0],[0],[0],[0],[0],[0],[0],[0],[0],[0],[0],[0],[0],[0],[0],[0],[0],[0],[0],[0],[0],[0],[0],[0],[0],[0],[0],[0],[0],[0],[0],[0],[0],[0],[0],[0],[0],[0],[0],[41],[0],[0],[0],[0],[0],[0],[0]]}}