{"protected":{"ver":"v1","alg":"HS256","iat":1750118619},"signature":"382fc551b8269bdcf116211a65769e02aaf4162b338532f76df02d4990fb765f","payload":{"device_name":"00:01","device_type":"DATA_FORWARDER","interval_ms":24.390243902439025,"sensors":[{"name":"mic_signal","units":"N/A"}],"values":[[0],[0],[0],[0],[0],[0],[0],[0],[0],[0],[0],[0],[0],[0],[0],[0],[0],[0],[0],[0],[0],[0],[0],[0],[0],[0],[0],[0],[0],[0],[0],[0],[0],[0],[0],[0],[0],[0],[0],[0],[0],[33],[19],[59],[64],[27],[39],[22],[5],[0],[0],[0],[0],[0],[0],[0],[0],[0],[35],[34],[44],[55],[43],[3],[0],[32],[10],[48],[93],[97],[79],[32],[0],[16],[59],[54],[32],[42],[8],[0],[0],[21],[19],[38],[95],[109],[47],[61],[39],[31],[59],[16],[0],[29],[48],[24],[70],[69],[31],[78],[35],[15],[74],[17],[0],[59],[73],[75],[26],[23],[42],[2],[0],[0],[0],[0],[0],[0],[0],[0],[0],[0],[25],[69],[15],[38],[26],[0],[0],[26],[17],[0],[0],[15],[35],[0],[11],[57],[6],[0],[0],[38],[0],[3],[24],[16],[0],[0],[0],[0],[22],[21],[0],[35],[49],[44],[38],[48],[16],[0],[7],[23],[0],[2]]}}