{"protected":{"ver":"v1","alg":"HS256","iat":1750118698},"signature":"177bb8623222eb009c516998d9a2adae3d1de96e6e71f959fde47fd52247a3c1","payload":{"device_name":"00:01","device_type":"DATA_FORWARDER","interval_ms":24.390243902439025,"sensors":[{"name":"mic_signal","units":"N/A"}],"values":[[0],[0],[0],[0],[0],[0],[0],[0],[0],[0],[0],[0],[0],[0],[0],[0],[0],[0],[0],[0],[0],[0],[0],[0],[0],[0],[0],[0],[0],[0],[0],[0],[0],[0],[0],[0],[0],[0],[0],[0],[0],[0],[0],[0],[0],[0],[0],[0],[0],[0],[0],[0],[0],[0],[0],[0],[0],[0],[0],[0],[0],[0],[0],[0],[0],[0],[0],[0],[133],[575],[621],[427],[311],[209],[144],[80],[38],[0],[0],[0],[0],[0],[0],[116],[104],[92],[21],[4],[0],[0],[0],[0],[0],[0],[0],[0],[0],[0],[0],[0],[0],[0],[0],[0],[0],[0],[0],[0],[0],[0],[0],[0],[0],[0],[0],[0],[0],[0],[0],[0],[0],[0],[0],[0],[0],[0],[0],[0],[0],[0],[112],[192],[192],[122],[64],[16],[0],[0],[0],[0],[0],[51],[19],[0],[0],[0],[0],[0],[0],[0],[0],[0],[0],[0],[0],[0],[0],[0],[0],[0],[0],[0],[0]]}}