{"protected":{"ver":"v1","alg":"HS256","iat":1750198785},"signature":"51948107e2485012c6af9347257c29f1b7ff9309a176c2ee6537ee94f540c37f","payload":{"device_name":"00:01","device_type":"DATA_FORWARDER","interval_ms":25,"sensors":[{"name":"mic_signal","units":"N/A"}],"values":[[0],[0],[0],[0],[0],[0],[0],[0],[0],[0],[0],[0],[0],[0],[0],[0],[0],[0],[0],[0],[0],[0],[0],[0],[0],[0],[0],[0],[0],[0],[0],[0],[0],[0],[0],[0],[0],[0],[0],[0],[0],[0],[0],[0],[0],[0],[0],[0],[0],[0],[0],[0],[0],[0],[0],[0],[0],[0],[0],[0],[0],[0],[0],[0],[0],[0],[82],[42],[0],[16],[0],[0],[0],[0],[0],[0],[0],[0],[0],[130],[99],[57],[301],[190],[361],[246],[186],[122],[83],[22],[2],[0],[0],[0],[90],[36],[339],[241],[208],[144],[165],[94],[258],[177],[105],[43],[0],[0],[0],[0],[0],[0],[0],[0],[0],[0],[0],[0],[0],[0],[0],[0],[0],[0],[0],[261],[154],[79],[37],[0],[0],[0],[0],[0],[0],[96],[34],[193],[112],[165],[86],[128],[66],[66],[11],[0],[2],[0],[144],[87],[241],[147],[511],[368],[252],[320],[224],[137],[86],[29]]}}