{"protected":{"ver":"v1","alg":"HS256","iat":1750031685},"signature":"7a1bada0271a4a668a83b7bc2e1f0f7548360049cc167177b4cb25323b3a1a6b","payload":{"device_name":"00:01","device_type":"DATA_FORWARDER","interval_ms":25,"sensors":[{"name":"mic_signal","units":"N/A"}],"values":[[0],[0],[0],[0],[0],[0],[0],[0],[0],[0],[0],[0],[0],[0],[0],[0],[0],[0],[0],[0],[0],[0],[0],[0],[0],[0],[0],[0],[0],[0],[0],[0],[0],[0],[0],[0],[0],[0],[0],[0],[0],[0],[0],[0],[0],[0],[0],[0],[0],[0],[0],[16],[0],[3],[0],[0],[0],[0],[14],[0],[0],[2],[0],[2],[0],[0],[0],[0],[0],[0],[0],[0],[7],[16],[0],[0],[14],[0],[0],[29],[6],[0],[0],[0],[6],[0],[0],[0],[0],[0],[0],[0],[0],[0],[0],[0],[0],[0],[16],[1],[17],[26],[16],[57],[0],[15],[0],[34],[45],[17],[24],[62],[37],[45],[0],[7],[7],[0],[0],[0],[46],[0],[36],[0],[0],[0],[0],[0],[0],[0],[0],[0],[0],[0],[0],[0],[0],[0],[0],[0],[0],[0],[0],[2],[15],[0],[0],[0],[0],[0],[0],[0],[0],[0],[0],[0],[0],[0],[0],[0]]}}